<?xml version="1.0" encoding="UTF-8"?>
<project-private xmlns="http://www.netbeans.org/ns/project-private/1">
    <editor-bookmarks xmlns="http://www.netbeans.org/ns/editor-bookmarks/2" lastBookmarkId="0"/>
    <open-files xmlns="http://www.netbeans.org/ns/projectui-open-files/2">
        <group>
            <file>file:/home/dylan/Projects/aa-project/aa-project-war/web/WEB-INF/glassfish-web.xml</file>
            <file>file:/home/dylan/Projects/aa-project/aa-project-war/web/WEB-INF/web.xml</file>
            <file>file:/home/dylan/Projects/aa-project/aa-project-war/web/admin.jsp</file>
            <file>file:/home/dylan/Projects/aa-project/aa-project-war/src/java/controller/ControllerManagement.java</file>
        </group>
    </open-files>
</project-private>
